,Fund Name,P1,P2,P3,P4,P5,Topsis Score,Rank
0,M1,0.702154874919977,0.6888011751031856,1.2643009820821023,0.96761725092455,50.36,0.6345826546075877,4
1,M2,0.7606677811633084,0.8052182751206254,1.3209114738171217,0.7285859110286991,40.44,0.9645608796988815,1
2,M3,0.6603599418890259,0.6014883500901058,0.905767867760312,1.0733426512630992,52.92,0.5411529153197521,5
3,M4,0.6520009552828357,0.5917869250886524,1.2076904903470829,0.9745123857292379,50.2,0.640491158092534,3
4,M5,0.785744740981879,0.8537254001278921,0.6793259008202341,1.4295912828386463,67.64,0.03688568101177191,8
5,M6,0.7355908213447377,0.7470097251119056,1.2265606542587562,1.1836648081381074,59.64,0.2945111220552137,7
6,M7,0.5516931160085533,0.42686270006394605,1.000118687318678,1.1239069731641447,55.32,0.4529712233236911,6
7,M8,0.7773857543756888,0.8343225501249855,0.6415855729968877,0.8503999592448539,42.2,0.9316728338186662,2
